Abd-Rabbu Mansour Hadi,1
Abdulrazaq Mohammed,1
Abu Abdo al-Khani,1
Additional,3
Aden,1
Aden-based,1
Afghanistan,1
Africa,1
African,1
Ahmed Tolba,1
Air,1
AIR STRIKES Air,1
al-SayaghiThe Sanaa,1
Alexandra HudsonOur Standards:The Thomson,1
Amazon,1
Amazon.com Inc,1
American,12
Americans,2
ANDREA LEADSOM,1
Andrew Bridgen,1
Angola,1
Angus MacSwan,1
Anil D Standards:The Thomson,1
Ankara,2
Apple Inc,1
April,1
Archie,1
Archimedes,2
Archimedes Group,1
Arjun Panchadar,1
Asda,1
Asma Alsharif,1
Atlanta,1
ATMEH,3
Aziza,3
Baghdad,2
Bank,1
Bashar,1
BBC,2
BBC Newsnight,1
BBC Radio,1
BDI,4
Beijing,5
Benchmark,1
Bengaluru,2
Bentonville,1
Bernstein,1
Bill,3
Boeing,8
Boeing Co,1
Boris Johnson,2
Brady,3
Brazil,1
Brazilian,1
Brent,1
Brexit,24
Brexiteer,1
Brexiteers,1
Britain,13
Britain March 8,1
Britain May,1
British,5
British Foreign Secretary Boris Johnson,1
British Insurance Brokers,1
Britons,1
Brooklyn,1
Brussels,1
Buckingham Palace,1
California,1
Cameron,2
Canada,7
Canadian,2
Capitol Hill,1
Caribbean,1
Cengiz,6
CEO Craig Donaldson,1
CFO David Arden,1
Charlie O,1
Chicago,1
Chief Executive Craig Donaldson,1
Children,1
China,35
China May,3
Chinese,23
Chris Sanders,1
Christopher Rolland,1
Cisco,2
Cisco Systems,1
College London,1
Commerce Department,1
Commerce Ministry,1
Congress,2
Conservative,4
Conservative Party,1
CoverageU.S,2
Crown Prince Mohammed,1
Cynthia OstermanOur Standards:The Thomson,1
Dan Grebler,1
Dan GreblerOur Standards:The Thomson,1
Dangers,1
Daniel,1
Daniel Martin,1
David Cameron,1
DAVID DAVIS,1
David GregorioOur Standards:The Thomson,1
David Shepardson,2
Davis,1
DAX,1
Defense Patrick Shanahan,1
Democratic,1
Democrats,1
Department,1
Deutscher Sparkassentag,1
Diane Bartz,1
DOMINIC RAAB,1
Donald Trump,3
Douglas Jacobson,1
Downing Street,2
DRW Trading,1
DUBAI,3
Dubai Civil Aviation Authority,1
Duchess,2
"Duchess Difficult """,1
ECONOMIC FALLOUT,1
Elaine Hardcastle,1
Ellen Francis,1
Embattled British,1
Emelia Sithole-MatariseOur Standards:The Thomson,1
England,1
Erdogan,1
Ethiopian Airlines,1
Eton College,1
EU,9
Europe,2
Europe-wide,1
European Commission,1
European Parliament,1
European parliamentary,1
European Union,8
FAA,3
FAA Administrator Dan Elwell,1
Facebook,9
Facebook Inc,1
FB.O,1
February,1
Federal Aviation Administration,1
Fidelity Management,1
FILE PHOTO,8
Finnish,1
Foods,1
Foreign Ministry,2
Fort Worth,1
Fox,1
Fox News Channel,1
France May,1
FURTHER,1
Gao,4
Gao Feng,2
Gartner,1
Gavankar,1
Gayle King,1
Geneva,2
Gennette,1
German,3
German Chancellor Angela Merkel,2
German Sparkasse,1
Germany,2
Germany May,1
GermanyDutch,1
Ghaida Ghantous,1
Gleicher,4
God,1
Goodbody,1
Gove,1
Graham Brady,3
Grant McCoolOur Standards:The Thomson,1
Guy Faulconbridge,2
Hadi,1
Hael,1
Hama,1
Hamburg,1
Hancock,1
Harry,3
Harry Plus One,1
Hatice Cengiz,2
Hodeidah,3
Hopes,1
Hospital,1
House,2
House Foreign Affairs,1
Houthi,4
Houthi-held,1
Houthi-run Masirah,1
Houthis,5
Huawei,36
Huawei 'backdoor,1
Huawei Chief Financial Officer Meng Wanzhou,1
Huawei Technologies,1
Hugh Lawson,1
Human Rights,1
Hunt,2
I've,2
Iain Withers,1
IBES,1
Idlib,2
Illinois,1
Inc,1
India,1
Indian e-commerce,1
International Development Secretary,1
Iran,11
Iranian,1
"IRANIAN TOOLS "" Saudi Arabia",1
Iranian-aligned,1
Israel,4
Israeli,2
Istanbul,1
Jacobson,1
Jamal Khashoggi,2
James DalgleishOur Standards:The Thomson,2
Janet LawrenceOur Standards:The Thomson,3
Janina Gavankar,1
Japan,2
Javid,2
Jefferies,2
Jeffrey Benkoe,1
JEREMY HUNT,1
JERUSALEM,1
Jill Serjeant,1
John Cronin,1
Johnson,4
Joint Chiefs,1
Jonathan Oatis,1
Jonathan OatisOur Standards:The Thomson,1
Jones Industrial Average,1
Joseph Dunford,1
JUSTINE GREENING,1
Kang,1
Karen Brettell,1
Karen Freifeld,1
Kate Duguid,1
Kate Holton,2
KBW,1
Keith Lerner,1
Kfar Nabuda,1
Khan Sheikhoun,1
Khani,2
Khashoggi,2
Kim CoghillOur Standards:The Thomson,1
King,1
Kirsten DonovanOur Standards:The Thomson,1
Kirstin Ridley,1
Kone,1
Kylie MacLellan,1
Kylie MacLellanOur Standards:The Thomson,1
Labour Party,2
Latin America,2
Lerner,1
Lisa Barrington,1
LONDON,9
London July,1
LOS ANGELES,1
Lou Brien,1
M&A,1
Macy,1
March,2
Marco Rubio,1
Margaret Thatcher,1
Martin,3
Martin Griffiths,1
MATT HANCOCK,1
Maurer,1
May,4
MCAS,1
McDermidA,1
McVey,1
Medecins Sans Frontieres,1
Medical,1
Meghan,8
Meng,5
Meng Wanzhou,1
Merkel,1
Metro,3
Metro Bank,9
Mexico City,1
Mexico February,1
MICHAEL GOVE,1
Michael Martina,1
Michael Nienaber,1
Middle East,3
Mike Pompeo,1
Ministry,1
MISSING)China,2
MISSING)Germany,1
MISSING)The Philadelphia,1
MISSING)U.S,1
Mohammed Ali,1
Mohammed Ghobari,1
Moody,1
Mordaunt,2
Moscow,1
MSCI,1
Najat Rochdi,1
Nandita Bose,1
Nasdaq Composite,1
NATO Secretary General Jens Stoltenberg,1
Nepal,1
New York,7
New York Stock Exchange,3
Nicholas Watt,1
Niger,1
Nigeria,1
Noel Randewich,1
NYSE,2
October,1
Pakistan,1
Pakistani,1
Palace,1
Pamela Barbaglia,1
pan-European,1
Parliament,1
Party,4
Patricia Zengerle,1
Patricia ZengerleOur Standards:The Thomson,1
Paul Simao,1
PENNY MORDAUNT,1
Peter CooneyOur Standards:The Thomson,1
Pompeo,1
Prudential Regulation Authority,1
Qualcomm Inc,1
Raab,3
Raqas,1
RBC,1
Rebels,1
Red Sea,1
Refinitiv,1
Related CoverageEurope,1
Renton,1
Representatives,1
Representatives Foreign Affairs,1
Republican,2
Research,1
Reuters,12
REUTERS/Carlos BarriaAsked,1
REUTERS/Charles PlatiauWASHINGTON,1
REUTERS/Daniel BecerrilForeign,1
REUTERS/Fabian Bimmer/File PhotoBERLIN,1
REUTERS/Hannah MckayThree,1
REUTERS/Jason LeeThe,1
REUTERS/Jason LeeThere,1
REUTERS/Kamil Krzaczynski/File Photo Online,1
"REUTERS/Kevin Lamarque""I",1
REUTERS/Khalil AshawiThey,1
REUTERS/Lindsey Wasson/File PhotoThe,1
REUTERS/Lucas Jackson/File PhotoNO SIGNS,1
REUTERS/Stephen Lam/File PhotoThe,1
REUTERS/Toby Melville//File PhotoThe,1
REUTERSHer,1
Richard Chang,1
Riyadh,1
Rod Nickel,1
RoE [,1
Rubble,1
Russia,1
Russian,2
Russian-Turkish,1
Ryan Woo,1
SAJID JAVID,1
Salman,2
Samsung Electronics Co Ltd,1
San Francisco,1
San Jose,1
SANAA,7
Sarah Sanders,1
Saudi,5
Saudi Arabia,2
Saudi Arabian,1
Saudi-led,1
Saudi-led military,1
Saudi-owned Al Arabiya,1
Se Young Lee,2
Senate,2
Senegal,1
Shanghai,1
Simon Cameron-Moore,1
Sinead Cruise,1
Singapore,1
Sino-U.S,1
Slideshow,3
SongThe,1
Sonya Hepinstall,1
sourcesWalmart,1
South African,1
Southeast Asia,1
Southeast Asia.,1
Stacy Rasgon,1
Stephen Kalin,1
Stephen Nellis,1
Steve Holland,1
Steven Scheer,1
STEWART,3
Sunni Muslim,1
SunTrust Advisory,1
Supreme Revolutionary Committee,1
Susan Heavey,1
Susquehanna Financial Group,1
Sussex,2
Swiss Federal President Ueli Maurer,1
Switzerland,2
Switzerland President Ueli Maurer,1
Syria,2
Syria May,1
Syrian,7
Tahrir al-Sham,1
Tamara Mathias,1
TARIFF ESCALATION,1
TARIFFS,1
Tarmala Maternity,1
Tehran,6
Texas,1
Theresa May,5
Tianjin,2
tmsnrt.rs/2egbfVh,1
Toby ChopraOur Standards:The Thomson,2
Togo,1
Tom Miles,1
Tom Perry,1
Treasury,1
Trump,15
Truss,1
Tunisia,1
Turkey,2
Turkish,3
Turkish President,1
U.N.,2
U.N.-sponsored,2
U.S.,60
U.S. Commerce Department,3
U.S. Commerce Secretary Wilbur Ross,1
U.S. Congress,2
U.S. House,1
U.S. House Speaker Nancy Pelosi,1
U.S. President Donald Trump,5
U.S. Treasury,1
U.S. Treasury Secretary Steven Mnuchin,1
U.S.-China,4
U.S.-Iran,1
UNCERTAIN OUTLOOK Trump,1
Unionist Party,1
United Arab Emirates,1
United Kingdom,3
United States,23
UOSSM,1
Venezuela,1
Vernon Hill,1
"Viva Tech,in Paris",1
VolkskrantSee,1
Wait,1
Wall Street,1
Walmart,17
Walmart CFO Biggs,1
Walmart Chief Financial Officer Brett Biggs,2
Walmart Inc,2
Walmart U.S. Chief Executive Officer Greg Foran,1
Washington,15
Washington Post,2
Washington U.S.,1
WASHINGTON/BEIJING,1
Western,1
Western-backed,1
White House,5
William,1
William James,1
Withdrawal Agreement Bill,2
Xi Jinping,1
Xilinx,1
Xilinx Inc. Shares,1
Yawen Chen,2
Yemen,7
Yemenis,1
Grand Total,1037